<?xml version="1.0" encoding="UTF-8"?>
<jcr:root xmlns:sling="http://sling.apache.org/jcr/sling/1.0" xmlns:granite="http://www.adobe.com/jcr/granite/1.0" xmlns:cq="http://www.day.com/jcr/cq/1.0" xmlns:jcr="http://www.jcp.org/jcr/1.0" xmlns:nt="http://www.jcp.org/jcr/nt/1.0"
          jcr:primaryType="nt:unstructured"
          jcr:title="SomeButton"
          sling:resourceType="cq/gui/components/authoring/dialog"
          helpPath="https://www.adobe.com/go/aem_cmp_button_v1"
          trackingFeature="core-components:button:v1">
<content
        granite:class="cmp-button__editor"
        jcr:primaryType="nt:unstructured"
        sling:resourceType="granite/ui/components/coral/foundation/container">
    <items jcr:primaryType="nt:unstructured">
        <tabs
                jcr:primaryType="nt:unstructured"
                sling:resourceType="granite/ui/components/coral/foundation/tabs"
                maximized="{Boolean}true">
            <items jcr:primaryType="nt:unstructured">
                <properties
                        jcr:primaryType="nt:unstructured"
                        jcr:title="Properties"
                        sling:resourceType="granite/ui/components/coral/foundation/container"
                        margin="{Boolean}true">
                    <items jcr:primaryType="nt:unstructured">
                        <columns
                                jcr:primaryType="nt:unstructured"
                                sling:resourceType="granite/ui/components/coral/foundation/fixedcolumns"
                                margin="{Boolean}true">
                            <items jcr:primaryType="nt:unstructured">
                                <column
                                        jcr:primaryType="nt:unstructured"
                                        sling:resourceType="granite/ui/components/coral/foundation/container">
                                    <items jcr:primaryType="nt:unstructured">
                                        <text
                                                jcr:primaryType="nt:unstructured"
                                                sling:resourceType="granite/ui/components/coral/foundation/form/textfield"
                                                fieldDescription="The text to display on the button."
                                                fieldLabel="Text"
                                                name="./jcr:title"/>
                                        <link
                                                jcr:primaryType="nt:unstructured"
                                                sling:resourceType="cq/gui/components/coral/common/form/pagefield"
                                                fieldDescription="Link to a content page, external URL or page anchor."
                                                fieldLabel="Link"
                                                name="./link"/>
                                        <icon
                                                jcr:primaryType="nt:unstructured"
                                                sling:resourceType="granite/ui/components/coral/foundation/form/textfield"
                                                fieldDescription="Icon identifier for displaying an icon in the button."
                                                fieldLabel="Icon"
                                                name="./icon"/>
                                        <id
                                                jcr:primaryType="nt:unstructured"
                                                sling:resourceType="granite/ui/components/coral/foundation/form/textfield"
                                                fieldDescription="HTML ID attribute to apply to the component."
                                                fieldLabel="ID"
                                                name="./id"/>
                                        <name
                                                jcr:primaryType="nt:unstructured"
                                                sling:resourceType="granite/ui/components/coral/foundation/form/textfield"
                                                emptyText="Enter the contributor's name to display."
                                                fieldDescription="The contributor's name to display."
                                                fieldLabel="Name"
                                                name="./name"
                                                required="{Boolean}true"/>
                                        <childnodes
                                                jcr:primaryType="nt:unstructured"
                                                sling:resourceType="granite/ui/components/coral/foundation/form/multifield"
                                                fieldDescription="A list of the contributor's child nodes."
                                                fieldLabel="ChildNodes"
                                                required="{Boolean}false">
                                            <field
                                                    jcr:primaryType="nt:unstructured"
                                                    sling:resourceType="granite/ui/components/coral/foundation/form/textfield"
                                                    emptyText="Enter an child node"
                                                    name="./childNodes"/>
                                        </childnodes>
                                    </items>
                                </column>
                            </items>
                        </columns>
                    </items>
                </properties>
                <accessibility
                        jcr:primaryType="nt:unstructured"
                        jcr:title="Accessibility"
                        sling:resourceType="granite/ui/components/coral/foundation/container"
                        margin="{Boolean}true">
                    <items jcr:primaryType="nt:unstructured">
                        <columns
                                jcr:primaryType="nt:unstructured"
                                sling:resourceType="granite/ui/components/coral/foundation/fixedcolumns"
                                margin="{Boolean}true">
                            <items jcr:primaryType="nt:unstructured">
                                <column
                                        jcr:primaryType="nt:unstructured"
                                        sling:resourceType="granite/ui/components/coral/foundation/container">
                                    <items jcr:primaryType="nt:unstructured">
                                        <accessibilityLabel
                                                jcr:primaryType="nt:unstructured"
                                                sling:resourceType="granite/ui/components/coral/foundation/form/textfield"
                                                fieldDescription="Value of an aria-label attribute for the button. Useful if the visual button text is not very descriptive."
                                                fieldLabel="Label"
                                                name="./accessibilityLabel"
                                                value=""/>
                                    </items>
                                </column>
                            </items>
                        </columns>
                    </items>
                </accessibility>
                <cq:styles
                        jcr:primaryType="nt:unstructured"
                        sling:resourceType="granite/ui/components/coral/foundation/include"
                        path="/mnt/overlay/cq/gui/components/authoring/dialog/style/tab_edit/styletab"/>
            </items>
        </tabs>
    </items>
</content>
</jcr:root>