<?xml version="1.0" encoding="UTF-8"?>
<jcr:root xmlns:sling="http://sling.apache.org/jcr/sling/1.0" xmlns:cq="http://www.day.com/jcr/cq/1.0" xmlns:jcr="http://www.jcp.org/jcr/1.0" xmlns:nt="http://www.jcp.org/jcr/nt/1.0"
    jcr:primaryType="cq:Page">
    <jcr:content
        cq:lastModified="{Date}2022-04-12T14:12:08.365+02:00"
        cq:lastModifiedBy="admin"
        cq:template="/conf/wknd/settings/wcm/templates/first-template"
        jcr:primaryType="cq:PageContent"
        jcr:title="New Page For Template"
        sling:resourceType="wknd/components/page">
        <root
            jcr:primaryType="nt:unstructured"
            sling:resourceType="wknd/components/container"
            layout="responsiveGrid">
            <container
                jcr:created="{Date}2022-04-07T13:42:05.632+02:00"
                jcr:createdBy="admin"
                jcr:lastModified="{Date}2022-04-07T13:42:45.060+02:00"
                jcr:lastModifiedBy="admin"
                jcr:primaryType="nt:unstructured"
                sling:resourceType="wknd/components/container">
                <container
                    jcr:created="{Date}2022-04-07T13:45:54.897+02:00"
                    jcr:createdBy="admin"
                    jcr:lastModified="{Date}2022-04-12T14:11:22.773+02:00"
                    jcr:lastModifiedBy="admin"
                    jcr:primaryType="nt:unstructured"
                    sling:resourceType="wknd/components/container">
                    <list
                        jcr:created="{Date}2022-04-07T13:46:02.206+02:00"
                        jcr:createdBy="admin"
                        jcr:lastModified="{Date}2022-04-07T13:46:02.206+02:00"
                        jcr:lastModifiedBy="admin"
                        jcr:primaryType="nt:unstructured"
                        sling:resourceType="wknd/components/list"/>
                </container>
            </container>
            <container_1294802613
                jcr:created="{Date}2022-04-07T13:42:58.015+02:00"
                jcr:createdBy="admin"
                jcr:lastModified="{Date}2022-04-07T13:43:22.247+02:00"
                jcr:lastModifiedBy="admin"
                jcr:primaryType="nt:unstructured"
                sling:resourceType="wknd/components/container">
                <image
                    jcr:created="{Date}2022-04-07T13:46:06.879+02:00"
                    jcr:createdBy="admin"
                    jcr:lastModified="{Date}2022-04-07T13:46:06.879+02:00"
                    jcr:lastModifiedBy="admin"
                    jcr:primaryType="nt:unstructured"
                    sling:resourceType="wknd/components/image">
                    <cq:responsive jcr:primaryType="nt:unstructured">
                        <default
                            jcr:primaryType="nt:unstructured"
                            offset="1"
                            width="5"/>
                    </cq:responsive>
                </image>
                <container
                    jcr:created="{Date}2022-04-07T13:46:12.142+02:00"
                    jcr:createdBy="admin"
                    jcr:lastModified="{Date}2022-04-07T13:46:12.142+02:00"
                    jcr:lastModifiedBy="admin"
                    jcr:primaryType="nt:unstructured"
                    sling:resourceType="wknd/components/container">
                    <_x0031__1649331994398
                        jcr:primaryType="nt:unstructured"
                        offset="3"
                        width="3"/>
                    <byline
                        jcr:created="{Date}2022-04-12T14:12:08.360+02:00"
                        jcr:createdBy="admin"
                        jcr:lastModified="{Date}2022-04-12T14:12:08.360+02:00"
                        jcr:lastModifiedBy="admin"
                        jcr:primaryType="nt:unstructured"
                        sling:resourceType="wknd/components/byline"/>
                </container>
                <list
                    jcr:created="{Date}2022-04-07T13:46:19.974+02:00"
                    jcr:createdBy="admin"
                    jcr:lastModified="{Date}2022-04-07T13:46:19.974+02:00"
                    jcr:lastModifiedBy="admin"
                    jcr:primaryType="nt:unstructured"
                    sling:resourceType="wknd/components/list">
                    <cq:responsive jcr:primaryType="nt:unstructured">
                        <default
                            jcr:primaryType="nt:unstructured"
                            offset="2"
                            width="3"/>
                    </cq:responsive>
                </list>
            </container_1294802613>
            <container_476879541
                jcr:created="{Date}2022-04-07T14:45:20.136+02:00"
                jcr:createdBy="admin"
                jcr:lastModified="{Date}2022-04-07T15:53:14.828+02:00"
                jcr:lastModifiedBy="admin"
                jcr:primaryType="nt:unstructured"
                sling:resourceType="wknd/components/container"
                layout="responsiveGrid"/>
        </root>
    </jcr:content>
</jcr:root>
