<?xml version="1.0" encoding="UTF-8"?>
<jcr:root xmlns:sling="http://sling.apache.org/jcr/sling/1.0" xmlns:cq="http://www.day.com/jcr/cq/1.0" xmlns:jcr="http://www.jcp.org/jcr/1.0" xmlns:nt="http://www.jcp.org/jcr/nt/1.0"
    jcr:primaryType="cq:Page">
    <jcr:content
        cq:lastModified="{Date}2022-04-12T15:22:03.901+02:00"
        cq:lastModifiedBy="admin"
        cq:template="/conf/wknd/settings/wcm/templates/first-template"
        jcr:primaryType="cq:PageContent"
        jcr:title="Template for practice"
        sling:resourceType="wknd/components/page">
        <root
            jcr:primaryType="nt:unstructured"
            sling:resourceType="wknd/components/container"
            layout="responsiveGrid">
            <container
                jcr:created="{Date}2022-04-07T13:42:05.632+02:00"
                jcr:createdBy="admin"
                jcr:lastModified="{Date}2022-04-07T13:42:45.060+02:00"
                jcr:lastModifiedBy="admin"
                jcr:primaryType="nt:unstructured"
                sling:resourceType="wknd/components/container">
                <container
                    jcr:created="{Date}2022-04-07T13:45:54.897+02:00"
                    jcr:createdBy="admin"
                    jcr:lastModified="{Date}2022-04-07T13:45:54.897+02:00"
                    jcr:lastModifiedBy="admin"
                    jcr:primaryType="nt:unstructured"
                    sling:resourceType="wknd/components/container">
                    <list
                        jcr:created="{Date}2022-04-07T13:46:02.206+02:00"
                        jcr:createdBy="admin"
                        jcr:lastModified="{Date}2022-04-07T13:46:02.206+02:00"
                        jcr:lastModifiedBy="admin"
                        jcr:primaryType="nt:unstructured"
                        sling:resourceType="wknd/components/list"/>
                    <title
                        jcr:created="{Date}2022-04-11T11:37:38.082+02:00"
                        jcr:createdBy="admin"
                        jcr:lastModified="{Date}2022-04-11T11:37:38.082+02:00"
                        jcr:lastModifiedBy="admin"
                        jcr:primaryType="nt:unstructured"
                        sling:resourceType="wknd/components/title"/>
                </container>
            </container>
            <container_1294802613
                jcr:created="{Date}2022-04-07T13:42:58.015+02:00"
                jcr:createdBy="admin"
                jcr:lastModified="{Date}2022-04-07T13:43:22.247+02:00"
                jcr:lastModifiedBy="admin"
                jcr:primaryType="nt:unstructured"
                sling:resourceType="wknd/components/container">
                <image
                    jcr:created="{Date}2022-04-07T13:46:06.879+02:00"
                    jcr:createdBy="admin"
                    jcr:lastModified="{Date}2022-04-07T13:46:06.879+02:00"
                    jcr:lastModifiedBy="admin"
                    jcr:primaryType="nt:unstructured"
                    sling:resourceType="wknd/components/image">
                    <cq:responsive jcr:primaryType="nt:unstructured">
                        <default
                            jcr:primaryType="nt:unstructured"
                            offset="1"
                            width="5"/>
                    </cq:responsive>
                </image>
                <container
                    jcr:created="{Date}2022-04-07T13:46:12.142+02:00"
                    jcr:createdBy="admin"
                    jcr:lastModified="{Date}2022-04-07T13:46:12.142+02:00"
                    jcr:lastModifiedBy="admin"
                    jcr:primaryType="nt:unstructured"
                    sling:resourceType="wknd/components/container">
                    <_x0031__1649331994398
                        jcr:primaryType="nt:unstructured"
                        offset="3"
                        width="3"/>
                    <somebutton
                        jcr:created="{Date}2022-04-12T15:21:36.054+02:00"
                        jcr:createdBy="admin"
                        jcr:lastModified="{Date}2022-04-12T15:22:03.895+02:00"
                        jcr:lastModifiedBy="admin"
                        jcr:primaryType="nt:unstructured"
                        jcr:title="New Button"
                        sling:resourceType="wknd/components/somebutton"
                        link="/content/wknd/us/en/about-us"/>
                </container>
                <list
                    jcr:created="{Date}2022-04-07T13:46:19.974+02:00"
                    jcr:createdBy="admin"
                    jcr:lastModified="{Date}2022-04-12T14:05:02.038+02:00"
                    jcr:lastModifiedBy="admin"
                    jcr:primaryType="nt:unstructured"
                    sling:resourceType="wknd/components/list"
                    childDepth="1"
                    linkItems="false"
                    listFrom="children"
                    showDescription="false"
                    showModificationDate="false"
                    sortOrder="asc"
                    tagsMatch="any">
                    <cq:responsive jcr:primaryType="nt:unstructured">
                        <default
                            jcr:primaryType="nt:unstructured"
                            offset="2"
                            width="3"/>
                    </cq:responsive>
                </list>
            </container_1294802613>
            <container_476879541
                jcr:lastModified="{Date}2022-04-07T14:55:50.820+02:00"
                jcr:lastModifiedBy="admin"
                jcr:primaryType="nt:unstructured"
                sling:resourceType="wknd/components/container"
                layout="responsiveGrid"/>
        </root>
    </jcr:content>
    <new-page-for-template/>
</jcr:root>
